,PDB_File,Mutation_Chain,Mutation,At_Interface,Contact_Count,Contact_Details,Gene
0,./Input_samples/ERCC2_PDBs/ERCC2_HUMAN__ERCC3_HUMAN__1542aa_unrelaxed_af2mv3_model_1.pdb,A,76,False,0,,ERCC2
1,./Input_samples/ERCC2_PDBs/ERCC2_HUMAN__ERCC3_HUMAN__1542aa_unrelaxed_af2mv3_model_1.pdb,A,235,False,0,,ERCC2
2,./Input_samples/ERCC2_PDBs/ERCC2_HUMAN__ERCC3_HUMAN__1542aa_unrelaxed_af2mv3_model_1.pdb,A,241,False,0,,ERCC2
3,./Input_samples/ERCC2_PDBs/ERCC2_HUMAN__ERCC3_HUMAN__1542aa_unrelaxed_af2mv3_model_1.pdb,A,606,False,0,,ERCC2
4,./Input_samples/ERCC2_PDBs/ERCC2_HUMAN__ERCC3_HUMAN__1542aa_unrelaxed_af2mv3_model_1.pdb,A,605,False,0,,ERCC2
5,./Input_samples/ERCC2_PDBs/ERCC2_HUMAN__ERCC3_HUMAN__1542aa_unrelaxed_af2mv3_model_2.pdb,A,76,False,0,,ERCC2
6,./Input_samples/ERCC2_PDBs/ERCC2_HUMAN__ERCC3_HUMAN__1542aa_unrelaxed_af2mv3_model_2.pdb,A,235,False,0,,ERCC2
7,./Input_samples/ERCC2_PDBs/ERCC2_HUMAN__ERCC3_HUMAN__1542aa_unrelaxed_af2mv3_model_2.pdb,A,241,False,0,,ERCC2
8,./Input_samples/ERCC2_PDBs/ERCC2_HUMAN__ERCC3_HUMAN__1542aa_unrelaxed_af2mv3_model_2.pdb,A,606,False,0,,ERCC2
9,./Input_samples/ERCC2_PDBs/ERCC2_HUMAN__ERCC3_HUMAN__1542aa_unrelaxed_af2mv3_model_2.pdb,A,605,False,0,,ERCC2
10,./Input_samples/ERCC2_PDBs/ERCC2_HUMAN__ERCC3_HUMAN__1542aa_unrelaxed_af2mv3_model_4.pdb,A,76,False,0,,ERCC2
11,./Input_samples/ERCC2_PDBs/ERCC2_HUMAN__ERCC3_HUMAN__1542aa_unrelaxed_af2mv3_model_4.pdb,A,235,False,0,,ERCC2
12,./Input_samples/ERCC2_PDBs/ERCC2_HUMAN__ERCC3_HUMAN__1542aa_unrelaxed_af2mv3_model_4.pdb,A,241,False,0,,ERCC2
13,./Input_samples/ERCC2_PDBs/ERCC2_HUMAN__ERCC3_HUMAN__1542aa_unrelaxed_af2mv3_model_4.pdb,A,606,False,0,,ERCC2
14,./Input_samples/ERCC2_PDBs/ERCC2_HUMAN__ERCC3_HUMAN__1542aa_unrelaxed_af2mv3_model_4.pdb,A,605,False,0,,ERCC2
15,./Input_samples/ERCC2_PDBs/ERCC2_HUMAN__ERCC5_HUMAN__1946aa_unrelaxed_af2mv3_model_1.pdb,A,76,False,0,,ERCC2
16,./Input_samples/ERCC2_PDBs/ERCC2_HUMAN__ERCC5_HUMAN__1946aa_unrelaxed_af2mv3_model_1.pdb,A,235,False,0,,ERCC2
17,./Input_samples/ERCC2_PDBs/ERCC2_HUMAN__ERCC5_HUMAN__1946aa_unrelaxed_af2mv3_model_1.pdb,A,241,False,0,,ERCC2
18,./Input_samples/ERCC2_PDBs/ERCC2_HUMAN__ERCC5_HUMAN__1946aa_unrelaxed_af2mv3_model_1.pdb,A,606,False,0,,ERCC2
19,./Input_samples/ERCC2_PDBs/ERCC2_HUMAN__ERCC5_HUMAN__1946aa_unrelaxed_af2mv3_model_1.pdb,A,605,False,0,,ERCC2
20,./Input_samples/ERCC2_PDBs/ERCC2_HUMAN__ERCC5_HUMAN__1946aa_unrelaxed_af2mv3_model_2.pdb,A,76,True,1,B:397-ASP,ERCC2
21,./Input_samples/ERCC2_PDBs/ERCC2_HUMAN__ERCC5_HUMAN__1946aa_unrelaxed_af2mv3_model_2.pdb,A,235,False,0,,ERCC2
22,./Input_samples/ERCC2_PDBs/ERCC2_HUMAN__ERCC5_HUMAN__1946aa_unrelaxed_af2mv3_model_2.pdb,A,241,False,0,,ERCC2
23,./Input_samples/ERCC2_PDBs/ERCC2_HUMAN__ERCC5_HUMAN__1946aa_unrelaxed_af2mv3_model_2.pdb,A,606,False,0,,ERCC2
24,./Input_samples/ERCC2_PDBs/ERCC2_HUMAN__ERCC5_HUMAN__1946aa_unrelaxed_af2mv3_model_2.pdb,A,605,False,0,,ERCC2
25,./Input_samples/ERCC2_PDBs/ERCC2_HUMAN__ERCC5_HUMAN__1946aa_unrelaxed_af2mv3_model_4.pdb,A,76,False,0,,ERCC2
26,./Input_samples/ERCC2_PDBs/ERCC2_HUMAN__ERCC5_HUMAN__1946aa_unrelaxed_af2mv3_model_4.pdb,A,235,False,0,,ERCC2
27,./Input_samples/ERCC2_PDBs/ERCC2_HUMAN__ERCC5_HUMAN__1946aa_unrelaxed_af2mv3_model_4.pdb,A,241,False,0,,ERCC2
28,./Input_samples/ERCC2_PDBs/ERCC2_HUMAN__ERCC5_HUMAN__1946aa_unrelaxed_af2mv3_model_4.pdb,A,606,False,0,,ERCC2
29,./Input_samples/ERCC2_PDBs/ERCC2_HUMAN__ERCC5_HUMAN__1946aa_unrelaxed_af2mv3_model_4.pdb,A,605,False,0,,ERCC2
